Age,Original Key,3Word Promise
6+,Nature,Explore Nature Around
6+,Seasons,Why Seasons Change
6+,About India,Know Your India
6+,Countries/Geography,Visit New Countries
6+,Science,Discover Science Secrets
6+,Space,Explore Outer Space
6+,Technology,How Gadgets Work
6+,My Body,Know Your Body
6+,Animals,Meet Amazing Animals
6+,Plants,Watch Plants Grow
6+,Food,Choose Healthy Foods
6+,Good Habits,Build Good Habits
6+,Emotions,Understand Your Feelings
6+,Safety,Stay Safe Everyday
6+,Community Helpers,Meet Everyday Helpers
6+,Sports,Explore Different Sports
6+,Knowledge,Amazing Facts Inside
6+,Prepositions,
6+,Multiplication ,
6+,3d shapes,
6+,Time,
6+,3D shapes,
6+,Division,
6+,Fractions,
3-6,Original Key,3Word Promise
3-6,Fruits,Name Tasty Fruits
3-6,Vegetables,Know Your Vegetables
3-6,Food Items,What's On Plate
3-6,Plants,Watch Plants Grow
3-6,Nature,Explore Nature Around
3-6,Space,Visit Outer Space
3-6,Science,Science Made Fun
3-6,Good Habits,Build Good Habits
3-6,Emotions,Understand Your Feelings
3-6,Safety,Stay Safe Everyday
3-6,Community Helpers,Meet Helpful People
3-6,Vehicles,Spot Cool Vehicles
3-6,Colors,Learn Color Names
3-6,My Body,Know Your Body
3-6,Toys,Discover Fun Toys
3-6, ABC,Know Your Alphabets
3-6,CVC,Read Simple Words
3-6, Phonics,Sounds & Words 
3-6, Sight words,Speak It Right
3-6, Simple sentences,Start With Sentances
3-6, English speaking,Speak With Confidence
3-6, Tracing ABC,Write Your Alphabets
3-6,123,Count With Confidence
3-6, Number ordering,Place Your Numbers
3-6, Shapes ,Learn Your Shapes
3-6, Tracing 123,Write Your Numbers
3-6, Patterns,Play With Patterns
3-6, Addition,Add With Fun
3-6, Subtraction,Subtract With Fun
3-6, Farm animals,Farm Animals
3-6, Wild animals,Jungle Animals
3-6, Sea animals,Water Animals
3-6, Baby animals,Baby Animals
3-6, Birds,Birds
3-6, Insects,Insects 
3-6, Swar, Swar
3-6, Vyanjan, Vyanjan
3-6, Paryayvachi shabd, Paryayvachi Shabd
3-6, Vilom shabd, Vilom Shabd
3-6,Odd Even,
3-6,Maths-with-Pranika,
3-6,Pronounce-with-Nidhi,
3-6,Stories-of-Aladdin,
3-6,Stories-of-Hanuman,
3-6,Stories-of-Sindbad,
3-6,Stories-of-Tenali,
0-3,ABC,Learn Your ABC
0-3,Action Words,Try These Actions
0-3,Words,Learn New Words
0-3,Rhymes,Sing Along Rhymes
0-3,Hindi Poems,Listen To Poems
0-3,Musical Instruments,Listen And Enjoy
0-3,123,Count With Confidence
0-3,Hindi Counting,Count In Hindi
0-3,Shapes,Spot Different Shapes
0-3,Hindi Basics,Speak Simple Hindi
0-3,Farm Animals,Meet Farm Friends
0-3,Birds,Spot Colorful Birds
0-3,Sea Animals,Meet Ocean Animals
0-3,Insects,Meet Tiny Insects
0-3,Fruits,Name Your Fruits
0-3,Vegetables,Name Your Veggies
0-3,Nature,Explore Nature Around
0-3,Plants,Watch Plants Grow
0-3,Animals,Meet Cute Animals
0-3,Colors,Learn Color Names
0-3,Toys,Find Favorite Toys
0-3,Vehicles,Spot Moving Vehicles
0-3,My Family,Meet Your Family
0-3,My Body,Know Body Parts
0-3,Good Habits,Practice Good Habits
0-3,Emotions,Understand Your Feelings
0-3,Home Items,Find Things Around
0-3,Festivals,Celebrate With Everyone
0-3,Clothes,What's Everyone Wearing
0-3,Opposites,Learn Opposite Words
0-3,Places We Go,Let's Go Outside
0-3,Professions,What Do They Do